<?xml version="1.0" encoding="UTF-8"?>
<!DOCTYPE mapper PUBLIC "-//mybatis.org//DTD Mapper 3.0//EN" "http://mybatis.org/dtd/mybatis-3-mapper.dtd">

<mapper namespace="jp.co.example.company.mapper.PageMapper">

    <select id="getPageList" resultType="jp.co.example.company.entity.UserRequest"
        parameterType="Criteria"> SELECT * FROM myschema.user_requests ORDER BY CASE status WHEN
        '未対応' THEN 1 WHEN '対応中' THEN 2 WHEN '対応不可' THEN 3 WHEN '対応済み' THEN 4 ELSE 5 END ASC, id ASC
        LIMIT #{skip}, #{amount} </select>


    <select id="getTotal" resultType="int" parameterType="Criteria"> SELECT COUNT(*) FROM
        myschema.user_requests </select>

    <select id="getUserList" resultType="jp.co.example.company.entity.User" parameterType="Criteria">
        SELECT * FROM myschema.users <where>
            <if test="searchWord != null and searchWord != ''"> ( CAST(employee_id AS CHAR) LIKE
        CONCAT('%', #{searchWord}, '%') OR employee_name LIKE CONCAT('%', #{searchWord}, '%') OR
        employee_name_kana LIKE CONCAT('%', #{searchWord}, '%') OR CAST(department_id AS CHAR) LIKE
        CONCAT('%', #{searchWord}, '%') OR phone_number LIKE CONCAT('%', #{searchWord}, '%') OR
        postal_code LIKE CONCAT('%', #{searchWord}, '%') OR address LIKE CONCAT('%', #{searchWord},
        '%') ) </if>

        </where> ORDER BY employee_id LIMIT #{amount} OFFSET #{skip} </select>

    <select id="getUser" resultType="int" parameterType="Criteria"> SELECT COUNT(*) FROM
        myschema.users <where>
            <if test="searchWord != null and searchWord != ''"> ( CAST(employee_id AS CHAR) LIKE
        CONCAT('%', #{searchWord}, '%') OR employee_name LIKE CONCAT('%', #{searchWord}, '%') OR
        employee_name_kana LIKE CONCAT('%', #{searchWord}, '%') OR CAST(department_id AS CHAR) LIKE
        CONCAT('%', #{searchWord}, '%') OR phone_number LIKE CONCAT('%', #{searchWord}, '%') OR
        postal_code LIKE CONCAT('%', #{searchWord}, '%') OR address LIKE CONCAT('%', #{searchWord},
        '%') ) </if>
        </where>
    </select>

    <insert id="insertRequest" parameterType="UserRequest"> INSERT INTO myschema.user_requests
        (login_id, employee_id, request_content, message, status) VALUES (#{loginId}, #{employeeId},
        #{requestContent}, #{message}, #{status}); </insert>
</mapper>